<?xml version="1.0" encoding="UTF-8"?>
<project-private xmlns="http://www.netbeans.org/ns/project-private/1">
    <editor-bookmarks xmlns="http://www.netbeans.org/ns/editor-bookmarks/2" lastBookmarkId="0"/>
    <open-files xmlns="http://www.netbeans.org/ns/projectui-open-files/2">
        <group>
            <file>file:/D:/1110%20stuff%20I%20am%20working%20on/23%20Tues%20Apr%204/BankAccount/src/bankaccount/Account.java</file>
            <file>file:/D:/1110%20stuff%20I%20am%20working%20on/23%20Tues%20Apr%204/BankAccount/src/bankaccount/BankAccount.java</file>
        </group>
    </open-files>
</project-private>
