<?xml version="1.0" encoding="UTF-8"?>
<project-private xmlns="http://www.netbeans.org/ns/project-private/1">
    <editor-bookmarks xmlns="http://www.netbeans.org/ns/editor-bookmarks/2" lastBookmarkId="0"/>
    <open-files xmlns="http://www.netbeans.org/ns/projectui-open-files/2">
        <group>
            <file>file:/home/leked/Desktop/cs/la7cs1110Macklin-CamelN_04012017/A7TVBrands/src/a7tvbrands/A7TVBrands.java</file>
            <file>file:/home/leked/Desktop/cs/la7cs1110Macklin-CamelN_04012017/A7TVBrands/TVs.csv</file>
            <file>file:/home/leked/Desktop/cs/la7cs1110Macklin-CamelN_04012017/A7TVBrands/src/a7tvbrands/Television.java</file>
        </group>
    </open-files>
</project-private>
