<?xml version="1.0" encoding="UTF-8"?>
<project-private xmlns="http://www.netbeans.org/ns/project-private/1">
    <editor-bookmarks xmlns="http://www.netbeans.org/ns/editor-bookmarks/2" lastBookmarkId="0"/>
    <open-files xmlns="http://www.netbeans.org/ns/projectui-open-files/2">
        <group>
            <file>file:/home/leked/Desktop/cs/la6cs11110_Macklin-CamelN_03172017/A6WorldCapitalDistances/src/a6worldcapitaldistances/A6WorldCapitalDistances.java</file>
            <file>file:/home/leked/Desktop/cs/la6cs11110_Macklin-CamelN_03172017/A6WorldCapitalDistances/WorldCapitals.csv</file>
        </group>
    </open-files>
</project-private>
